pos,A_dir_off_cmb_on,B_ctrl_off,diff_A_minus_B,n_tokens
1,6.464265,7.820878,-1.356613,800
2,4.456177,7.284297,-2.828120,800
3,5.643354,7.182521,-1.539167,800
4,4.957638,6.964201,-2.006563,799
5,5.303731,7.087558,-1.783827,799
6,5.174112,7.088521,-1.914409,799
7,4.890621,6.900816,-2.010195,799
8,4.918332,6.831391,-1.913059,799
9,5.165084,6.791746,-1.626662,799
10,4.832332,6.787995,-1.955663,799
11,4.924038,6.744939,-1.820901,799
12,4.886980,6.766254,-1.879274,799
13,4.990652,6.776032,-1.785381,799
14,4.926557,6.782466,-1.855908,799
15,5.100527,6.845085,-1.744558,799
16,5.121548,6.737527,-1.615980,799
17,5.226233,6.931827,-1.705594,799
18,5.094174,6.855135,-1.760961,799
19,4.976699,6.754136,-1.777437,799
20,5.147943,6.837118,-1.689175,799
21,5.114438,6.824885,-1.710447,799
22,5.148495,6.832491,-1.683996,799
23,4.936199,6.663720,-1.727521,799
24,5.126062,6.641920,-1.515859,799
25,5.105726,6.729783,-1.624058,799
26,4.998728,6.756716,-1.757988,799
27,5.227813,6.836493,-1.608680,799
28,5.114811,6.862320,-1.747509,799
29,5.228703,6.809897,-1.581194,799
30,5.064768,6.673297,-1.608528,799
31,5.235366,6.887501,-1.652135,799
32,5.149158,6.834028,-1.684870,799
33,5.123357,6.716901,-1.593544,799
34,5.198722,6.760431,-1.561709,799
35,5.203009,6.785763,-1.582754,799
36,5.220725,6.733327,-1.512603,799
37,5.255432,6.850033,-1.594602,799
38,5.110935,6.725351,-1.614416,799
39,5.229742,6.823992,-1.594250,799
40,5.172759,6.811243,-1.638484,799
41,5.142721,6.784280,-1.641559,799
42,5.233410,6.790294,-1.556884,799
43,5.203859,6.713806,-1.509947,799
44,5.296894,6.986652,-1.689758,799
45,5.105704,6.749804,-1.644100,799
46,5.190553,6.760004,-1.569451,799
47,5.251840,6.925634,-1.673794,799
48,5.074451,6.712268,-1.637816,799
49,5.306824,6.859425,-1.552601,799
50,5.198704,6.737128,-1.538423,799
51,5.243562,6.713399,-1.469837,799
52,5.252418,6.886564,-1.634147,799
53,5.263926,6.718019,-1.454093,799
54,5.233660,6.810562,-1.576903,799
55,5.253206,6.771481,-1.518274,799
56,5.197848,6.825266,-1.627418,798
57,5.142224,6.783263,-1.641039,798
58,5.284227,6.856950,-1.572723,798
59,5.143197,6.739568,-1.596371,798
60,5.131197,6.741189,-1.609992,798
61,5.175241,6.750601,-1.575359,798
62,5.104424,6.755092,-1.650668,798
63,5.144119,6.670074,-1.525956,798
64,5.180179,6.747005,-1.566827,798
